Class,Energy,Contrast,Correlation,Variance,Homogeniety/IDM,Sum Avg,Sum Variance,Sum Entropy,Entropy,Diff Variance,Diff Entropy,Info Measure of Correl I,Info Measure of Correl II,Maximal Correl Coeff,Autocorrelation,Cluster Prominence,Cluster Shade,Dissimilarity,Max Prob,Inverse Diff,Inverse Diff Normalized,Inverse Moment Normalized,SRE,LRE,GLN,RLN,RP,LGRE,HGRE,SRLGE,SRHGE,LRLGE,LRHGE,m(L5E5/E5L5),m(L5R5/R5L5),m(E5S5_S5E5),m(S5S5),m(R5R5),m(L5S5/S5L5),m(E5E5),m(E5R5/R5E5),m(S5R5/R5S5),s(L5E5/E5L5),s(L5R5/R5L5),s(E5S5_S5E5),s(S5S5),s(R5R5),s(L5S5/S5L5),s(E5E5),s(E5R5/R5E5),s(S5R5/R5S5),Skewness,Kurtosis
nor,0.113355109,0.281807372,0.790320025,0.364896708,0.52045371,0.406990639,0.360052469,0.948243208,0.736392253,0.271368216,0.54107811,0.433875037,0.83055281,0.088720172,#DIV/0!,0.640651074,0.268159767,0.29503408,0.421875,0.603561255,0.675221624,0.78295173,0.370616646,0.730600984,0.385106471,0.463399651,0.40378198,0.494367741,0.455412116,0.287491357,0.560483603,0.640272812,0.331697486,0.654668971,0.361093877,0.785789015,0.526140074,0.246925889,0.660898413,0.924617243,0.275742473,0.266343535,0.30464164,0.66305883,0.431343638,1,0.173834639,0.66094231,0.107769301,0.718936082,0.867330615,0.744665841,0.129375866
nor,0.07209467,0.244649227,0.717655987,0.485072676,0.52545309,0.559649472,0.481031536,0.959911832,0.750294974,0.232612935,0.488502488,0.504313377,0.77522062,0.117612803,#DIV/0!,0.521962953,0.35285923,0.374878286,0.34375,0.523170351,0.594563665,0.705177312,0.583321975,0.648345439,0.447794907,0.548781895,0.49054505,0.542712088,0.343329676,0.483167829,0.180020232,0.611152254,0.339169558,0.743310887,0.517205173,0.788782331,0.561874014,0.282201016,0.492782211,0.81397795,0.455830492,0.343654863,0.971737128,0.662731138,0.454959289,0.56014488,0.296368534,0.20858364,0.374537195,0.333981332,0.694867201,0.571624761,0.841394675
nor,0.080091404,0.237217598,0.755815364,0.504398159,0.507111513,0.571101374,0.500468088,0.962299377,0.737738772,0.223919402,0.475230563,0.458740369,0.810902294,0.152126943,#DIV/0!,0.522461577,0.500706152,0.340798442,0.34375,0.545360269,0.625374138,0.748453358,0.569925165,0.460900787,0.432364488,0.581390129,0.489432703,0.517809669,0.315776165,0.409473572,0.284255596,0.433395136,0.298943496,0.461116739,0.572901255,0.61168265,0.413801959,0.368276124,0.69165247,0.821496747,0.320655183,0.24843775,0.316982459,0.793527116,0.442774065,0.660570042,0.249992327,0.948665001,0.813294602,0.629031257,0.671517757,0.065546762,0.248070813
nor,0.326505845,0.143579073,0.869182818,0.701616663,0.723472731,0.736904999,0.699313108,0.736847978,0.530331453,0.136740331,0.350895193,0.280578091,0.869558321,0.257363187,#DIV/0!,0.769490002,0.414401038,0.185004869,0.578125,0.748746722,0.795493047,0.864985859,0.455226894,0.651846681,0.288131686,0.402171935,0.308120133,0.346383889,0.55117452,0.282382889,0.500325771,0.466160369,0.494499745,0.261188249,0.412780986,0.386544609,0.291227941,0.216113564,0.848560925,0.748802057,0.226487132,0.15370133,0.346977395,0.75368955,0.457113927,0.771252989,0.279438374,0.81353509,0.415541238,0.614733932,0.730434953,0.113430665,0.517789309
nor,0.091947774,0.214922711,0.774313548,0.525678001,0.559013603,0.592312288,0.522157996,0.952681059,0.721554323,0.20320117,0.452274238,0.443677255,0.817744967,0.162498109,#DIV/0!,0.638257832,0.343100568,0.307692308,0.421875,0.599440271,0.664163678,0.765688246,0.697266409,0.407615251,0.451936044,0.540290203,0.487208009,0.542804138,0.346209002,0.513280019,0.25520004,0.435745857,0.333495801,0.556015732,0.463274949,0.468759082,0.350221961,0.205858615,0.64260737,0.685223421,0.281571508,0.234337446,0.581963396,0.689784484,0.50370208,0.438264664,0.103435209,0.184020186,0.36260745,0.711052043,0.739106778,0.482144249,0.27548257
nor,0.037998583,0.516349584,0.491970417,0.452620635,0.297432312,0.512646883,0.443551811,0.990006684,0.874540059,0.50641859,0.742935083,0.732413233,0.548022703,0.080438276,#DIV/0!,0.433466008,0.592835456,0.563777994,0.3125,0.360106149,0.41301988,0.496476428,0.694004245,0.528025659,0.583707264,0.688401373,0.642936596,0.660992948,0.195415165,0.540729814,0.223307592,0.604461941,0.163632337,0.714617722,0.679282203,1,0.854532781,0.70227413,0.813682417,0.941174179,0.612631518,0.528120494,0.392754295,0.712594438,0.264380795,0.08710292,0.241623295,0.654101728,0.115867303,0.494037344,0.398984724,0.56081653,0.215538711
nor,0.939883512,0.007431629,0.833682817,0,1,0,0,0.116972578,0.050486111,0.008043549,0.027045189,0.109820852,0.767077257,0.391648129,#DIV/0!,0.550532734,0.419268807,0.154819864,0.453125,0.764469865,0.823766697,0.900634875,0.421044131,0.807177939,0,0,0,0.011634821,0.820896442,0.226266499,0.702254888,0.285550218,0.629769537,0.879149038,0.178494726,0.175791921,0.140147485,0.325072402,0.408858603,0.268767774,0.131328145,0.150296427,0.786249848,0.139182989,0.557027812,0.776514673,0.081100499,0.54203686,0.690149716,0.628264082,0.818156963,0.11888462,0.396047316
nor,0.142504275,0.0921522,0.827275141,0.486705176,0.6887294,0.583648676,0.485532804,0.873763592,0.571351761,0.081085473,0.217585469,0.281861406,0.882272132,0.283927834,#DIV/0!,0.491870221,0.723355775,0.217137293,0.34375,0.64876529,0.748008926,0.875716943,0.218597272,0.907904522,0.168212278,0.279526049,0.205784205,0.240478443,0.580010994,0.046532267,0.714854057,0.556914752,0.401924614,0.569483344,0.323008638,0.390903807,0.239094545,0.160850781,0.39783018,0.423584869,0.138089825,0.141964429,0.695233671,0.645281924,0.601378881,0.677627465,0.057985078,0.661865693,0.647661861,0.619503197,0.771012531,0.340913482,0.056552022
nor,1,0.012782402,0.662672759,1,0.972653229,1,1,0,0,0.012268443,0.046945169,0.322993143,0.545292095,0.63208807,#DIV/0!,0.659145071,0.209588648,0.263875365,0.390625,0.650096685,0.71222488,0.798234767,0.661347883,0.520966589,0.224753501,0.426908446,0.291434928,0.265236391,0.483469327,0.336531744,0.511631195,0.334397267,0.402541902,0.73428282,0.602539016,0.454519035,0.317863301,0.298960262,0.491616605,0.347773579,0.304508758,0.263339208,0.436855873,0.680299197,0.530395802,0.737431769,0.096319736,0.607332786,0.151923001,0.529768354,0.855317061,0.446424061,0.03580229
nor,0.414251104,0.054102259,0.793340152,0.064663455,0.828144311,0.103664609,0.063948489,0.502805609,0.322964325,0.048261293,0.160335594,0.256184651,0.804617551,0.539776865,#DIV/0!,0.462203293,0.100321659,0.225900682,0.421875,0.677612184,0.746946496,0.845240958,0.431348153,0.65162005,0.226142289,0.365672202,0.244716352,0.317457781,0.591845725,0.248596089,0.584132464,0.481442004,0.454635741,0.988081759,0.242686012,0.505405405,0.330043659,0.192565162,0.15529454,0.566831587,0.202063478,0.18654863,0.569917396,0.617576446,0.640916229,0.736929148,0.063613365,0.484058092,0.608111192,0.793023475,0.731508011,0.777841838,0.263277437
nor,0.218408955,0.07431629,0.733833229,0.507352565,0.743422942,0.620493926,0.506564123,0.724347079,0.468479518,0.065160871,0.179781922,0.338922729,0.805667146,0.457422632,#DIV/0!,0.47209324,0.472160226,0.300876339,0.453125,0.618940228,0.675326937,0.761678712,0.153435549,1,0.302479878,0.478306902,0.345939933,0.392046013,0.464009393,0.137218653,0.631323505,0.723016931,0.295609133,0.828854061,0.536581874,0.501017146,0.358366658,0.328680625,0,0.579804433,0.33534435,0.245874059,0.166301696,0,0.186069674,0.898238604,0,0.566922026,0.374493114,0.52489195,0.63360422,0.395305725,0.183121808
nor,0.617034283,0.039239001,0.737160723,0.90337736,0.917691581,0.928599881,0.90296964,0.295958437,0.195034497,0.03721157,0.124106603,0.296192778,0.706614524,0.742130022,#DIV/0!,0.637376881,0,0.276533593,0.515625,0.673617998,0.706457402,0.76642005,0.02018271,0.586610459,0.351734906,0.66016432,0.397107898,0.445323716,0.430318939,0.03944789,0.401295753,0.576805496,0.334780045,0.352362791,0.627356464,0.507817495,0.504274131,0.475193467,0.381870349,0.55713117,0.418262365,0.374339048,0.370450572,0.787125756,0.645453209,0.521940228,0.059825777,0.886179157,0.467954791,0.440531705,0.583005075,0.107988766,0.629213196
nor,0.362738154,0.039536266,0.806615772,0.065936894,0.87452658,0.111332404,0.065510597,0.544497929,0.321346728,0.035342866,0.124653694,0.218220079,0.830355816,0.723451537,#DIV/0!,0.633712307,0.448000375,0.224926972,0.5,0.690545736,0.751109488,0.837354201,0.803898085,0.487552876,0.390965785,0.521999354,0.451612903,0.420387753,0.377961673,0.471789364,0.335891418,0.459458146,0.349007302,0.865234491,0.54054312,0.609532113,0.362182192,0.362911266,0.397023222,0.937745919,0.384279094,0.342613363,0.227984109,0.670862705,0.366433133,0.374090108,0.276646778,0.647436973,0.376673735,0.544903526,0.744160438,0.345675212,0.117360371
nor,0.216965257,0.064209275,0.806436744,0.295321418,0.789000894,0.40758813,0.294694273,0.788255346,0.496588299,0.056873578,0.176837223,0.257984582,0.872195962,0.409268901,#DIV/0!,0.88487563,0.723622988,0.228821811,0.578125,0.669687213,0.744162829,0.842129914,0.466762452,0.46284841,0.178436319,0.346033325,0.238042269,0.225255974,0.522210485,0.218317061,0.417286353,0.353533438,0.384647871,0.702312139,0.3886317,0.356640511,0.200939208,0.357024166,0.823903882,0.551131715,0.253941885,0.260455055,0.232918152,0.682101978,0.7562771,0.546078014,0.204356763,0.71648688,0.623168031,0.680780839,0.836673007,0.477942032,0.376856367
nor,0.281162448,0.044887039,0.83810141,0.615239899,0.860048878,0.706632145,0.614926575,0.637038104,0.38607464,0.040217745,0.139200572,0.195156509,0.870913583,0.527275706,#DIV/0!,0.7882943,0.070747661,0.166504382,0.71875,0.782285199,0.818671369,0.870523275,0.720773949,0.578338944,0.257122291,0.325588756,0.27919911,0.318360102,0.602890725,0.401181718,0.585975901,0.377099023,0.610563374,0.59031047,0.381759175,0.318076141,0.159078402,0.322033898,0.234286739,0.715882972,0.26253971,0.217913796,0,0.751413288,0.472920186,0.556867093,0.197179649,0.428685977,0.502972267,0.706303115,0.74978169,0.343884834,0.380726083
nor,0.206205195,0.064209275,0.811811311,0.572302381,0.776131825,0.669288986,0.571650175,0.761944955,0.472935381,0.056223594,0.168881928,0.24711653,0.870702508,0.459898763,#DIV/0!,0.355771705,0.20118135,0.262901655,0.28125,0.639318724,0.709479574,0.809452792,0.532398785,0.399083323,0.458182269,0.74278615,0.492769744,0.532287153,0.359893791,0.447785994,0.261054,0.488249148,0.322346727,0.684524164,0.783372309,0.467364138,0.273324284,0.424725823,0.447144266,0.591764385,0.408848474,0.31068739,0.727972886,0.749300146,0.34529368,0.854552137,0.155563965,0.492126587,0.701240918,0.45242681,0.836874585,0.690630823,0.224066068
nor,0.363590838,0.040130797,0.80982749,0.713369435,0.862193722,0.787691695,0.713094499,0.582602219,0.345171913,0.035342866,0.119269141,0.220816859,0.838697994,0.532673319,#DIV/0!,0.961554459,1,0.270691334,0.71875,0.621756989,0.700147868,0.80613656,0.190090551,0.650161283,0.384707071,0.553015239,0.400444939,0.48303319,0.470763174,0.222068774,0.625084126,0.58207941,0.346471643,0.569542935,0.711306257,0.337634409,0.240158491,0.632008736,0.319286291,0.463282559,0.429104369,0.404662714,0.225142571,1,1,0.490231159,0.221830369,0.663543526,0.882017439,0.335389453,0.606113029,0.61336907,0.158948503
nor,0.423793046,0.05588585,0.813243082,0.802557595,0.871198916,0.848536148,0.801906099,0.521140617,0.33339744,0.052323692,0.168688895,0.227940142,0.828982479,0.646271216,#DIV/0!,0.630476264,0.446314631,0.152872444,0.546875,0.807962105,0.835488453,0.875630355,0.376016992,0.797033352,0.294026354,0.426489217,0.342602892,0.308792857,0.493833021,0.212004292,0.396788178,0.512586935,0.4725618,0.438054943,0.595809669,0.311188608,0.191180247,0.303992784,0.550434861,0.40021037,0.312902568,0.257450729,0.312599464,0.541045092,0.881506349,0.384266411,0.188277498,0.410155047,0.588767705,0.62364309,0.627824938,0.901452823,0.383271996
nor,0.391197051,0.057372176,0.946120797,0.712325017,0.855222977,0.754630552,0.71162492,0.676554621,0.417658356,0.053054924,0.173018536,0.070346313,0.945227476,0.374476935,#DIV/0!,1,0.387043171,0.080817916,0.671875,0.877131251,0.908392507,0.945327778,0.151785581,0.658331819,0.052292991,0.191649451,0.024471635,0.047589022,0.925580492,0.043821925,0.942994741,0.274985466,0.842630504,0.317919075,0.382236434,0,0,0.092057162,0.239666457,0.147843703,0.109469266,0.098862362,0.082236591,0.689483512,0.709907138,0.340510574,0.127301029,0.564869354,0.859509312,0.857423073,0.786979159,0.269972431,0.0323053
nor,0.42281855,0.020511296,0.793786978,0.045369372,0.921713165,0.089424417,0.045284826,0.456706043,0.250168091,0.017793305,0.065174426,0.17665011,0.826399011,0.876793996,#DIV/0!,0.83940463,0.078370039,0.149951315,1,0.794267755,0.83354539,0.89178969,0.291584698,0.795084883,0.245632459,0.445172872,0.246941046,0.305524791,0.636955027,0.246415902,0.591108923,0.514873547,0.577547345,0.539121626,0.555576767,0.253821563,0.191877316,0.422257038,0.3133686,0.380731622,0.338958352,0.255568018,0.287506877,0.688696493,0.609543432,0.84311228,0.147932999,0.583656221,0.751845049,0.489164774,0.870936566,0.313490874,0.228847239
nor,0.150413033,0.070154578,0.919670685,0.510885154,0.765407601,0.590420235,0.510058457,0.921566111,0.567721676,0.061910952,0.187786705,0.146387139,0.951906332,0.302612562,#DIV/0!,0.741175571,0.348457147,0.11781889,0.8125,0.802826724,0.861905769,0.934716387,0.414519935,0.762110869,0.257647238,0.323825193,0.295884316,0.28043881,0.551018395,0.179711664,0.65620149,0.506694038,0.448409512,0.815654609,0.497733022,0.214559721,0.003962285,0.079903148,0.398009504,0.509486151,0.124100143,0.085963788,0.607084958,0.69515669,0.931837067,0.383096103,0.054010806,0.386010035,0.672618885,0.782370854,0.822926291,0.952160137,0.756779978
nor,0.169792423,0.078775268,0.88115509,0.481536673,0.781225832,0.571599283,0.480585219,0.883153513,0.557183219,0.071741956,0.216766082,0.188351925,0.929612307,0.288460949,#DIV/0!,0.502192007,0.201083996,0.129503408,0.578125,0.823431648,0.856788759,0.904477134,0.571696968,0.441321166,0.492441694,0.567989248,0.486095662,0.536184418,0.512661515,0.496357258,0.413890621,0.506722209,0.381371426,0.365979381,0.501551091,0.191078175,0.09252669,0.311304183,0.372545503,0.604113912,0.213692402,0.160030444,0.487225643,0.69994598,0.547173073,0.90804071,0.138439291,0.129709063,0.768712454,0.914445992,0.926615663,0.700998459,0.73733973
nor,0.196370002,0.064209275,0.898423078,0.234070069,0.814739031,0.312188807,0.23332027,0.849397141,0.527389656,0.058173546,0.187806486,0.152175999,0.938819972,0.365609031,#DIV/0!,0.763164298,0.180583232,0.128529698,0.671875,0.82305125,0.858219787,0.904261923,0.437575406,0.651719837,0.221456988,0.37744766,0.239154616,0.230548608,0.745209731,0.287360209,0.60546219,0.34469002,0.729299798,0.352541565,0.502457882,0.135890729,0.048317863,0.254379718,0.272662064,0.55775449,0.247121914,0.189953533,0.276802671,0.736868948,0.645895698,0.776792728,0.196334934,0.667512493,0.601033062,0.702862153,0.79837518,0.297560164,0.91765956
nor,0.172860282,0.123662307,0.872432035,0.596937671,0.700305253,0.657936666,0.595076364,0.883001578,0.599182995,0.114722132,0.304898271,0.246692483,0.911100776,0.316972963,#DIV/0!,0.775743368,0.634587438,0.150925024,0.65625,0.776262221,0.830097913,0.897890194,0.583127892,0.501766905,0.048284946,0.16449535,0.091212458,0.036827167,0.680653821,0.274187855,0.492767305,0.139544454,0.622983094,0.09600143,0.429866845,0.079831444,0.093443886,0.285761762,0.66349861,0.209980911,0.172510274,0.157346579,0.380687594,0.64134909,0.725826033,0.481197798,0.062759832,0.661059012,1,0.789259235,0.623681428,0.522541107,0.46254247
nor,0.212158193,0.117419738,0.722123198,0.125726058,0.712748507,0.187213702,0.123934555,0.705930119,0.506130051,0.10879103,0.290324197,0.401449377,0.770749944,0.477435615,#DIV/0!,0.746499664,0.163304924,0.357351509,0.53125,0.570249206,0.62119137,0.698782937,0.342016563,0.673862418,0.324734679,0.630200724,0.388209121,0.39506375,0.40532356,0.190583894,0.478666116,0.545597904,0.333107391,0.394910911,0.601154966,0.368381285,0.367575302,0.496462992,0.516183986,0.740932642,0.379324415,0.350664958,0.119403687,0.250161291,0.600311831,0,0.07549516,0.595579547,0.308364438,0.540077234,0.514367789,0.359212132,0.065127411
nor,0.083971343,0.44411415,0.542279925,0.270957813,0.35371629,0.320553675,0.263158181,0.926476308,0.806367034,0.43321417,0.688373228,0.700328206,0.566297993,0.131046301,#DIV/0!,0.343200368,0.427141675,0.550146056,0.1875,0.344826805,0.417506437,0.534228778,0.721227085,0.597558494,0.63510164,0.704635012,0.695216908,0.704847795,0.16146219,0.610049914,0.14687202,0.677400735,0.141633603,0.846016328,0.758173054,0.773931997,0.720145284,0.673978066,0.500134493,0.648953991,0.676372009,0.605271591,0.386818639,0.748072835,0.208435507,0.481104717,0.261105552,0.91249203,0.851475243,0.168063878,0.288046842,0.412292877,0.111173603
nor,0.100118203,0.168252081,0.875892703,0.458415106,0.615804677,0.514140609,0.455705779,0.977275887,0.686892757,0.157133572,0.384244797,0.28992202,0.911631124,0.12884921,#DIV/0!,0.618775742,0.436446579,0.188899708,0.59375,0.715652044,0.784912111,0.879822468,0.502012223,0.528732475,0.479554579,0.58048634,0.513904338,0.502663797,0.382890927,0.435726536,0.351237063,0.442550608,0.350374927,0.749418986,0.520068725,0.452659111,0.359980922,0.231448512,0.562359903,0.532081499,0.51825945,0.402980292,0.455283435,0.760470379,0.403443583,0.987043607,0.481977209,0.753506158,0.399301825,0.44853854,0.682084353,0.36783375,0.058585949
nor,0.065753678,0.241082045,0.754151541,0.412292456,0.533969386,0.481975702,0.408292784,0.990690924,0.759314026,0.229363016,0.479541924,0.468926359,0.809743021,0.10765803,#DIV/0!,0.606982482,0.292485859,0.317429406,0.421875,0.612056824,0.660867976,0.738147684,0.650078249,0.419267348,0.297909589,0.419126086,0.359288098,0.367474523,0.426061484,0.430707836,0.316273279,0.30405186,0.39154521,0.826947143,0.508757696,0.773234525,0.585647724,0.109433604,0.610867031,0.637656317,0.339978433,0.261616728,0.727914369,0.380074124,0.567137732,0.741953386,0.346844275,0.57038733,0.429665769,0.486003619,0.611062355,0.524355354,0.084981503
nor,0.212158193,0.117419738,0.722123198,0.125726058,0.712748507,0.187213702,0.123934555,0.705930119,0.506130051,0.10879103,0.290324197,0.401449377,0.770749944,0.477435615,#DIV/0!,0.746499664,0.163304924,0.357351509,0.53125,0.570249206,0.62119137,0.698782937,0.342016563,0.673862418,0.324734679,0.630200724,0.388209121,0.39506375,0.40532356,0.190583894,0.478666116,0.545597904,0.333107391,0.394910911,0.601154966,0.368381285,0.367575302,0.496462992,0.516183986,0.740932642,0.379324415,0.350664958,0.119403687,0.250161291,0.600311831,0,0.07549516,0.595579547,0.308364438,0.540077234,0.514367789,0.359212132,0.065127411
nor,0.089854412,0.198573127,0.772820257,0.298600071,0.590918169,0.368751245,0.295369191,0.946847026,0.700238325,0.187682808,0.425893947,0.40245798,0.842620188,0.116859838,#DIV/0!,0.529724491,0.301597135,0.300876339,0.453125,0.639382124,0.679831603,0.748269187,0.461990174,0.460213,0.375343393,0.533166107,0.397107898,0.45977125,0.465638043,0.288281901,0.359149515,0.457898226,0.505565172,0.64051606,0.370304968,0.534931706,0.550830979,0.106869867,0.671837174,0.599400055,0.404534989,0.288174972,0.162442617,0.702164796,0.289396019,0.464858932,0.317040871,0.548395616,0.739698051,0.531586694,0.815698647,0.912420265,0.847783101
nor,0.346911614,0.1382283,0.760070079,0.101023871,0.709373531,0.128858793,0.098733984,0.622172527,0.461622108,0.13040299,0.339077788,0.401187326,0.751463944,0.480265527,#DIV/0!,0.655457249,0.461438873,0.312560857,0.5,0.615797411,0.663946855,0.748017923,0.117239695,0.728480658,0.295941011,0.514264274,0.357063404,0.37754355,0.43395564,0.075038325,0.487359402,0.542993884,0.336828845,0.601781777,0.48933327,0.417204301,0.498147265,0.109053791,0.344750291,0.666796525,0.307423275,0.234297388,0.053467203,0.696982278,0.521264648,0.569135054,0.179587043,0.676102013,0.331279314,0.458672518,0.516227613,0.621320847,0.360385261
nor,0.282017388,0.267538644,0.201258123,0.041754526,0.507104234,0.070205138,0.03709328,0.47550597,0.484605775,0.255768606,0.519717811,0.841629189,0.120044553,0.48310924,#DIV/0!,0.181964732,0.517274133,0.816942551,0.0625,0.157842778,0.17406889,0.205666598,0.737768948,0.688020272,0.956242665,0.908490228,0.9621802,0.950761461,0.017845531,0.726821564,0.032369719,0.932390213,0.013104867,0.882843692,0.88937145,0.897384481,0.922882195,1,0.507128127,0.653356188,0.833581067,0.853348822,0.585060009,0.784240928,0.326574479,0.178255725,0.201883511,0.602966974,0.733647242,0.099336905,0.00906831,0.331980746,0.477030659
nor,0.100406942,0.310939358,0.414085341,0.60622275,0.418037371,0.689404501,0.601009111,0.791120411,0.700662571,0.296717582,0.553643008,0.720233926,0.484220196,0.298965171,#DIV/0!,0.359111208,0.503282635,0.621226874,0.34375,0.323904882,0.359416362,0.42714608,0.675416675,0.515329824,0.797719035,0.877864153,0.82647386,0.826825764,0.093401279,0.662682484,0.071992451,0.681292686,0.113907767,0.906829152,0.884742042,0.663063063,0.669406024,0.795233348,0.975342957,0.593011025,0.814520125,0.78164557,0.314507938,0.501658182,0.367903627,0.356237645,0.348588658,0.622927039,0.499909269,0.068867277,0.002013976,0.669685613,0.380960704
nor,0.082094535,0.318370987,0.731518436,0.39271679,0.466935707,0.444732125,0.387239694,0.9682613,0.773802087,0.307036074,0.573115733,0.501008586,0.786693662,0.131977075,#DIV/0!,0.556005814,0.390735706,0.360272639,0.4375,0.544662872,0.610695257,0.71537479,0.627648919,0.517667182,0.850207953,0.869150861,0.80756396,0.871544807,0.212737601,0.674441902,0.199555377,0.769103573,0.228419999,0.549103152,0.732687443,0.542778262,0.499541402,0.41466078,0.811261544,0.606685107,0.63078896,0.520990226,0.278914669,0.764778378,0.345509653,0.48143717,0.478655197,0.920498755,0.525674457,0.152779608,0.477592368,0.277677666,0.069476534
nor,0.090768002,0.431034483,0.515914415,0.248089842,0.341075293,0.300637323,0.24053754,0.900561963,0.792631568,0.418752031,0.674064129,0.701376513,0.558434696,0.126196811,#DIV/0!,0.365548157,0.407116282,0.621226874,0.1875,0.27001508,0.343973598,0.469439058,0.785568967,0.517734419,0.805660482,0.843684624,0.829810901,0.84528255,0.093524607,0.743113571,0.090368929,0.724015947,0.104732372,1,0.756073116,0.889276373,0.830392193,0.552437924,0.453779252,0.617787993,0.800617878,0.790938952,0.693233581,0.855242992,0.396606175,0.530340859,0.328262825,0.800367277,0.347946446,0.119065554,0.069826175,0.185735191,0.692719432
nor,0.053448408,0.364447087,0.587538533,0.500272368,0.371481622,0.57030472,0.494023709,0.964670932,0.810050273,0.350503737,0.611431443,0.635482439,0.656529044,0.13439185,#DIV/0!,0.462877181,0.382200529,0.490749757,0.265625,0.412030559,0.479170747,0.587352953,0.722761275,0.599940946,0.761843997,0.807162523,0.791991101,0.798988441,0.119455364,0.684996842,0.095952234,0.750135765,0.133097248,0.72486741,0.664534911,0.965678582,0.787724254,0.580496605,0.702770555,1,0.75194544,0.687149495,0.596293224,0.769476619,0.231886801,0.403193749,0.491355714,0.76259524,0,0.150063918,0.264987636,0.409110586,0.215907564
nor,0.145294672,0.16587396,0.624975856,0.596075515,0.623311634,0.686417048,0.593541469,0.763435484,0.586004376,0.155021124,0.378944639,0.523196644,0.689172555,0.306436131,#DIV/0!,0.629642286,0.456931576,0.444011685,0.40625,0.512962988,0.538896998,0.597894266,0.696477484,0.701831839,0.674079336,0.717390858,0.709677419,0.700337899,0.197199897,0.595825259,0.185692539,0.722979611,0.190511336,0.404087957,0.837684341,0.621418192,0.712807719,0.415325452,0.809109657,0.891581285,0.520212177,0.464068258,0.077817458,0.775692556,0.12869818,0.1408731,0.316912074,0.918963798,0.191775551,0.26373604,0.53253545,0.309805469,0.158579568
nor,0.142053119,0.124256837,0.745272574,0.492897276,0.679077598,0.593407688,0.491149864,0.826045571,0.58176603,0.114234644,0.307741068,0.396299843,0.805471476,0.312701062,#DIV/0!,0.49347041,0.389217257,0.315481986,0.25,0.608379638,0.660737883,0.745713098,0.615189857,0.382207794,0.545080015,0.668866699,0.600667408,0.572315927,0.277149322,0.479280387,0.254649172,0.458375964,0.206479427,0.223318038,0.657901017,0.48831735,0.577466339,0.393866021,0.548641621,0.899177997,0.463524817,0.363843935,0.331616851,0.713335276,0.375308978,0.611183348,0.182669298,0.643101157,0.544206557,0.431363142,0.584634698,0.517018078,0.268556186
nor,0.113652872,0.193222354,0.761682575,0.430960571,0.589688038,0.513144792,0.427881737,0.896013082,0.669564524,0.18199545,0.42371935,0.42750366,0.81269991,0.150809793,#DIV/0!,0.779315636,0.595308452,0.337877313,0.65625,0.605399849,0.642538138,0.711560034,0.643076289,0.307575195,0.434572877,0.560196165,0.47942158,0.500194727,0.350295814,0.48363344,0.255706242,0.337822082,0.342674405,0.319825994,0.413783229,0.42179599,0.595736875,0.373356122,0.600197256,0.679223967,0.428754627,0.344776478,0.317819381,0.750748936,0.308097663,0.372416126,0.174811254,0.519150863,0.20644954,0.316647779,0.460961067,0.178516468,0.718047443
nor,0.226259063,0.080856124,0.856175973,0.647584425,0.784711204,0.718084047,0.646544311,0.765432022,0.493438843,0.074098148,0.228355674,0.221204573,0.893041555,0.431450048,#DIV/0!,0.840219661,0.691705654,0.1781889,0.546875,0.76859085,0.805531927,0.862669537,0.515296665,0.587101758,0.507354583,0.613123436,0.532814238,0.525371549,0.403850366,0.3971799,0.311187884,0.591224103,0.361275801,0.165872117,0.429055505,0.462888695,0.385442272,0.177325167,0.620640186,0.798550781,0.373641106,0.265742669,0.351584152,0.696905435,0.342151495,0.136049823,0.241362924,0.931241471,0.367446928,0.338321857,0.7036045,0.297895458,0.438629984
nor,0.19030647,0.092449465,0.848300686,0.60255466,0.751734216,0.679346744,0.601319356,0.797407309,0.528227819,0.084579136,0.247839031,0.244310485,0.890933149,0.38038325,#DIV/0!,0.776401208,0.600807915,0.213242454,0.6875,0.709248667,0.764075471,0.845578811,0.532987841,0.28385427,0.426019519,0.577558701,0.429365962,0.477172596,0.49201483,0.431618373,0.300704549,0.326755837,0.549887299,0.601781777,0.308309073,0.325748329,0.354441061,0.21658833,0.855554559,0.736413573,0.287079945,0.245112963,0.304405727,0.730495342,0.320280013,0.04030386,0.249617122,0.637140841,0.478516509,0.457322135,0.682578477,0.603747196,0.08799439
nor,0.249200327,0.095124851,0.874890297,0.177258519,0.800419038,0.227942641,0.175843375,0.78771529,0.51203685,0.089860253,0.257262722,0.189126055,0.916293425,0.578609705,#DIV/0!,0.742861507,0.072903484,0.129503408,0.671875,0.831927217,0.85882689,0.898891664,0,0.891228805,0.137963593,0.241129622,0.088987764,0.21474261,0.873566924,0,1,0.529298229,0.668844945,0.329956498,0.274328258,0.164283638,0.326778442,0.266248872,0.150004483,0.36518758,0.192970184,0.205015222,0.305394137,0.684400268,0.62696323,0.732747976,0.336842872,0.912136636,0.593401392,0.74437123,0.912598009,0.394819593,0
nor,0.370710074,0.052318668,0.746528551,0.80264224,0.842622014,0.855706035,0.802080272,0.504257234,0.324348008,0.047123822,0.157631609,0.305339873,0.767829559,0.725396732,#DIV/0!,0.719634812,0.352494675,0.268743914,0.546875,0.653647072,0.707181255,0.793497084,0.471046824,0.581526093,0.408888252,0.513453587,0.44160178,0.470539019,0.41567843,0.327008485,0.310361188,0.547908145,0.358025212,0.540790179,0.241111058,0.800464981,0.548849837,0.161278071,0.521922353,0.606879894,0.36999796,0.313491428,1,0.655002775,0.223511439,0.511068147,0.30047366,1,0.434215744,0.524514685,0.619705432,0.526466415,0.164494602
nor,0.154662919,0.078775268,0.908860877,0.535593144,0.77157403,0.612029476,0.534600438,0.905781958,0.57447618,0.071254469,0.217055775,0.172503185,0.941828726,0.251355313,#DIV/0!,0.684087105,0.441456135,0.11976631,0.59375,0.834653407,0.867239602,0.912347382,0.315748512,0.776285643,0.113083532,0.233317999,0.13570634,0.144893595,0.709144371,0.064027062,0.724595222,0.40866668,0.612744148,0.485400155,0.011836014,0.371897704,0.271123014,0.170820871,0.273648346,0.306751334,0.150359943,0.161752924,0.314811336,0.348373101,0.714417255,0.247979133,0.059732057,0.612735174,0.4896627,0.607699756,0.652969138,1,0.308265065
nor,0.188910143,0.051129608,0.999453946,0.531233553,0.85441866,0.580661223,0.530654344,0.913765532,0.538361053,0.046473838,0.158270263,0.00616925,0.997732634,0.25174336,#DIV/0!,0.800072708,0.302171788,0,0.6875,1,1,0.996331384,0.526004201,0.547536377,0.069881153,0.099284821,0.060066741,0,0.945672715,0.178084463,0.784181279,0.146700213,0.873402258,0.872742983,0.077793156,0.09758791,0.01078622,0,0.551241818,0.089680159,0,0.000761096,0.955694008,0.427008949,0.931815652,0.683034317,0.091301504,0.629141711,0.798476557,0.780646225,0.867901389,0.458363006,0.047743352
nor,0.191826865,0.039536266,0.934942075,0.558188065,0.864874778,0.641505676,0.55793954,0.839521844,0.487431324,0.034855379,0.122084717,0.062465461,0.966804848,0.366552698,#DIV/0!,0.802785004,0.202101705,0.072054528,0.578125,0.891269399,0.917889331,0.952078927,0.391837936,0.645330055,0.264589578,0.39353358,0.300333704,0.252249676,0.669279421,0.191589522,0.652517947,0.344385209,0.575479268,0.433436625,0.326206271,0.225079919,0.135524819,0.089588378,0.61445351,0.458724532,0.17102387,0.114324627,0.265763722,0.811658059,0.549697954,0.738588169,0.353691153,0.932858486,0.759211132,0.699622374,0.924899696,0.201650652,0.544008285
nor,0.226944819,0.074019025,0.825084557,0.659660421,0.796239745,0.735112527,0.658763594,0.73304399,0.476278415,0.067517062,0.212437752,0.257171697,0.865598887,0.470279449,#DIV/0!,0.754816892,0.207317845,0.193768257,0.546875,0.75210691,0.788619775,0.85080992,0.60072979,0.506682123,0.462693344,0.540512249,0.496106785,0.484448687,0.391760978,0.497774191,0.244615121,0.451118372,0.359069566,0.645819677,0.383238677,0.629148503,0.412187695,0.306319138,0.308257868,0.706377342,0.365509603,0.30463868,0.494476008,0.722089576,0.380637064,0.678601094,0.121874157,0.705982637,0.335093499,0.716279512,0.723496991,0.418665937,0.485703997
nor,0.143074987,0.059453032,0.935061913,0.37387324,0.807232075,0.458374826,0.373246029,0.948371882,0.571712628,0.05281118,0.170482172,0.117192485,0.965165288,0.243873147,#DIV/0!,0.750444853,0.357533726,0.071080818,0.59375,0.895073385,0.919667275,0.950777636,0.66118814,0.418188702,0.156365762,0.230548358,0.175750834,0.132553153,0.667082368,0.351047428,0.504584624,0.125380621,0.615764873,0.315624814,0.045435021,0.200116245,0.167186411,0.031524474,0.429032547,0.423974444,0.072396608,0.096218555,0.397779936,0.595025878,0.987889668,0.722873369,0.056079595,0.600243411,0.584690459,0.930361377,0.829653376,0,0.724247154
nor,0.194402963,0.052021403,1,0.496037697,0.837528007,0.547102171,0.495444303,0.915747002,0.540144947,0.046555086,0.156551154,0,1,0.131829592,#DIV/0!,0.77654953,0.306004198,0,0.609375,0.994294021,0.998699065,1,0.775929735,0.289892031,0.063486417,0.078360246,0.028921023,0.015707389,1,0.384804192,0.680100961,0,1,0.825934092,0,0.109851787,0.005172983,0.014527845,0.275172599,0.340371655,0.006033051,0,0.509141836,0.645494783,0.958062083,0.722958691,0.06575564,0.754446462,0.570690353,1,1,0.433350356,0.101018468
nor,0.70936554,0,0.841376875,0.922464266,0.994905994,0.94274049,0.92275998,0.245403841,0.11223999,0,0,0.121878132,0.794174565,1,#DIV/0!,0.723518636,0.168896614,0.134371957,0.59375,0.828820628,0.85351474,0.895141975,0.642745441,0.643395096,0.599978615,0.639006597,0.592880979,0.584863134,0.421961527,0.461305441,0.49928717,0.673962941,0.337519456,0.593647578,0.544504367,0.420284801,0.268958433,0.076674738,0.666009146,0.476528108,0.246189269,0.160190675,0.321382742,0.726918685,0.730104397,0.742416085,0.264077596,0.638847815,0.510746588,0.633788454,0.845576149,0.378006687,0.515262728
cir,0.008375704,0.810344828,0.217771049,0.418622106,0.093236209,0.47390958,0.404150746,0.999040217,0.968763698,0.805004875,0.913666066,0.92537832,0.200726068,0.045480262,#DIV/0!,0.226103363,0.328316499,0.851996105,0.015625,0.103309921,0.133517609,0.185154003,0.736727259,0.664189317,0.928695891,0.915222705,0.946607341,0.95047036,0.018476178,0.770050257,0.033055165,0.900465636,0.012647626,0.773553424,0.936858684,0.636152281,0.813148916,0.822532403,0.92459428,0.506369551,0.912914226,0.857354591,0.746078613,0.836053865,0.487571438,0.576744111,0.462535925,0.947107031,0.486921848,0.151837867,0.121113661,0.629923546,0.149651173
cir,0.020990016,0.643281807,0.362738675,0.419000281,0.196159971,0.478291177,0.407601537,0.986339298,0.924997284,0.634546636,0.81987996,0.826479368,0.404666078,0.055234153,#DIV/0!,0.218451612,0.44987276,0.70593963,0.25,0.217393273,0.27058086,0.354627498,0.824664962,0.506673073,0.741444677,0.782305166,0.785317019,0.791099303,0.109508222,0.812267028,0.054924084,0.668446805,0.10824615,0.412430725,0.926215816,0.611333915,0.803096452,0.659782557,0.763292388,0.55510538,0.755297135,0.693278321,0.326376137,0.790585342,0.19887842,0.439817841,0.30452715,0.361540128,0.275183829,0.23288098,0.269340525,0.511774565,0.395855462
cir,0,1,0,0.415718897,0,0.473312089,0.397782568,0.9923835,1,1,1,1,0,0,#DIV/0!,0,0.459932386,1,0,0,0,0,0.635956767,0.68769351,1,1,1,1,0,0.714666614,0,0.966410432,0,0.481794887,1,0.767509445,1,0.936856098,0.909979378,0.876465776,1,1,0.13643699,0.825965314,0.073312121,0.620077643,0.143009243,0.421949365,0.229678917,0.151248203,0,0.415580318,0.399366267
cir,0.021558472,0.623365042,0.386094033,0.409826128,0.206781077,0.468631747,0.398789502,0.994469707,0.918773855,0.614153396,0.814638612,0.814462834,0.425273516,0.06320589,#DIV/0!,0.238848118,0.228218311,0.689386563,0.21875,0.239583192,0.286482287,0.373030632,0.49344062,0.850953393,0.839242353,0.858546296,0.857619577,0.876104713,0.072831411,0.503486078,0.168517121,1,0.030645917,0.392080329,0.929986159,0.547951177,0.766958946,0.767649433,0.886577602,0.570493591,0.842324619,0.752683865,0.388187978,0.789816056,0.291011069,0.689431171,0.479453593,0.938475377,0.351449584,0.290863847,0.476587925,0.852644242,0.355302215
cir,0.016101745,0.770511296,0.252287511,0.417987946,0.150002135,0.474108743,0.404248718,0.995954587,0.952876604,0.76600585,0.902178487,0.890974634,0.278153891,0.053812838,#DIV/0!,0.274988705,0.466521336,0.797468354,0.1875,0.178846215,0.192539782,0.226682533,0.652377779,0.692455801,0.911067693,0.944371651,0.93214683,0.924777562,0.028314352,0.676577474,0.059247309,0.925169452,0.01104841,0.346165306,0.848804467,0.660883464,0.980335327,0.74424346,1,0.657836301,0.869254758,0.793062009,0.367222663,0.825517052,0.12182198,0.308381726,0.369835849,0.619241004,0.351438746,0.131628872,0.087479418,0.466596743,0.144724952
cir,0.014518188,0.700951249,0.311973223,0.421007884,0.174146196,0.478888668,0.4085486,1,0.940401234,0.694182645,0.856938447,0.865523785,0.330192461,0.05237491,#DIV/0!,0.208037384,0.399119061,0.746835443,0.0625,0.195393554,0.235400581,0.298848904,0.912646432,0.51147038,0.833135559,0.848046697,0.873192436,0.869644414,0.054201805,0.85730228,0.004850769,0.724133247,0.069625945,0.573803707,0.867178924,0.699883755,0.894375757,0.6603048,0.976329239,0.858389497,0.848270234,0.78785451,0.232650754,0.877083325,0.127257129,0.867947069,0.418838352,0.627209362,0.442212682,0.116467544,0.328799424,0.767522931,0.653271657
cir,0.031260574,0.579369798,0.444342911,0.417930264,0.245087423,0.475004979,0.407694066,0.991595117,0.898291283,0.569792005,0.789668965,0.771256124,0.494701442,0.080851963,#DIV/0!,0.391364232,0.406763275,0.64459591,0.28125,0.285357824,0.331099347,0.417736924,0.632122167,0.675950584,0.816590504,0.838307656,0.832035595,0.86316868,0.109076804,0.663517383,0.072614712,0.827042476,0.098560285,0.650765747,0.870042476,0.912089509,0.937263822,0.744195983,0.715502555,0.840118431,0.80102591,0.813731774,0.410882186,0.802661129,0,0.281107859,0.37630499,0.833097213,0.338816794,0.164404129,0.28049296,0.511741873,0.61645526
cir,0.033331378,0.521403092,0.513169098,0.421494596,0.26906771,0.477096196,0.412315078,0.994048282,0.886352463,0.510237244,0.743404517,0.736751663,0.546432587,0.094100687,#DIV/0!,0.467345343,0.315928209,0.598831548,0.203125,0.305011752,0.371181482,0.479897112,0.53095664,0.781495181,0.806831923,0.841302493,0.847608454,0.833190931,0.077910868,0.536810408,0.074437878,0.938507565,0.051359139,0.488558489,0.85811101,0.812699797,0.796676083,0.709727959,0.863713799,0.84946823,0.805135379,0.741267425,0.468132617,0.80844194,0.290015066,0.099109002,0.505207882,0.918006327,0.354155205,0.13286493,0.305010507,0.818610114,0.594553393
cir,0.035124722,0.522889417,0.499550924,0.417470857,0.28782661,0.475204143,0.408271012,0.987248757,0.877453099,0.512755931,0.746900633,0.718129349,0.571341037,0.084354155,#DIV/0!,0.447324897,0.419078096,0.58812074,0.265625,0.328342866,0.385673563,0.479938594,0.816903725,0.701992443,0.859175697,0.82732579,0.868743048,0.874863516,0.08814512,0.785731669,0.114677707,0.881804788,0.075194737,0.404177343,0.781129194,0.65637896,0.717246946,0.582348194,0.933650139,0.651681016,0.743813937,0.649294985,0.470067586,0.761423364,0.303212417,0.339168122,0.248059646,0.640948478,0.387947121,0.187619586,0.177989288,0.546753666,0.401730182
cir,0.046306614,0.505648038,0.529980816,0.421309946,0.33008539,0.476797451,0.412418493,0.990812628,0.857500245,0.496831329,0.737710596,0.673347823,0.626954216,0.108627213,#DIV/0!,0.503623017,0.501519513,0.553067186,0.46875,0.380901273,0.425820745,0.500974259,0.74660675,0.549297041,0.768217824,0.813830782,0.780867631,0.807748518,0.13648035,0.710252426,0.068811688,0.706283021,0.148778067,0.62296645,0.912184413,0.711944202,0.744579374,0.660874519,0.644221286,0.642253302,0.767712978,0.733376062,0.672112195,0.739875912,0.867032539,0.512151774,0.504245908,0.821083988,0.495930651,0.272380801,0.540671555,0.713467108,0.503119889
cir,0.034290084,0.469678954,0.550491289,0.420569638,0.280864028,0.479286995,0.412347735,0.995533892,0.870134901,0.456451089,0.693678932,0.699258821,0.596060101,0.08751584,#DIV/0!,0.355476835,0.464588451,0.565725414,0.28125,0.308471567,0.397200417,0.53257899,0.966889421,0.549437878,0.952477736,0.908829211,0.944382647,0.950857905,0.035216996,0.93923081,0.003927552,0.840019194,0.052817874,0.339520887,0.761513864,0.766259808,0.771141358,0.534824099,0.691293822,0.749503292,0.822360176,0.707418683,0.294510723,0.791555494,0.055618119,0.251335044,0.653171427,0.921201628,0.407449232,0.014681096,0.360142861,0.586898548,0.402434988
cir,0.050892611,0.398929845,0.638635478,0.424694064,0.403906629,0.480481976,0.417757966,0.991412064,0.833525552,0.388365291,0.649853544,0.619083449,0.686130881,0.113775538,#DIV/0!,0.566066216,0.158134841,0.454722493,0.296875,0.465603362,0.5200201,0.610062757,0.655135782,0.628674122,0.593725491,0.652693646,0.649610679,0.647972045,0.212067171,0.546015336,0.138313365,0.668822412,0.201568997,0.413741732,0.911229895,0.489770416,0.518692446,0.505910839,0.799336501,0.706026725,0.661770278,0.554518507,0.580331611,0.871634784,0.13628672,0.334479989,0.463723958,0.558191445,0.206261603,0.168855756,0.313602182,0.557157419,0.343901142
cir,0.060337555,0.382282996,0.64703057,0.421683001,0.430993786,0.479486158,0.415058293,0.98782538,0.806674669,0.372278193,0.642214163,0.562273076,0.73905711,0.106009806,#DIV/0!,0.54853773,0.304035463,0.429406037,0.40625,0.505672015,0.548111953,0.627893838,0.237146199,0.867216743,0.732562239,0.798970199,0.73192436,0.772443921,0.212554617,0.327376275,0.333287239,0.917869652,0.141194854,0.256689113,0.900825657,0.447399012,0.575228382,0.403931064,0.583161481,0.40239199,0.652618694,0.52143086,0.299356667,0.380242944,0.24073933,0.327290756,0.637017763,0.343518216,0.434762881,0.101927415,0.466423347,0.673871342,0.109569024
cir,0.042196587,0.478002378,0.556503598,0.414571403,0.326937272,0.470324637,0.406186386,0.993521968,0.864278142,0.467500812,0.718149656,0.691590013,0.604525604,0.102456529,#DIV/0!,0.518659794,0.381487959,0.542356378,0.296875,0.380457475,0.431634922,0.524674956,0.811883374,0.534333147,0.709590395,0.743757522,0.751946607,0.763720563,0.134807859,0.707057527,0.111094503,0.671096425,0.152610778,0.594303081,0.83238677,0.520546353,0.675642954,0.444143759,0.65847754,0.797382056,0.716825508,0.619331838,0.501627569,0.723891261,0.126716874,0.371465707,0.345597302,0.719333672,0.31050161,0.194758661,0.177283632,0.525124011,0.183002409
cir,0.027076105,0.553507729,0.469336928,0.420443352,0.216674295,0.47789285,0.410682212,0.994140668,0.895186433,0.541111472,0.755357256,0.76212366,0.50889335,0.0797808,#DIV/0!,0.380472317,0.337126625,0.64946446,0.15625,0.245669569,0.316380437,0.43988014,0.662152562,0.744714139,0.833648421,0.837375166,0.870967742,0.854791403,0.058844741,0.65640332,0.038697539,0.917072304,0.03575404,0.556790418,0.823605212,0.499157222,0.768719962,0.735222903,0.484891957,0.685262379,0.792078342,0.80515943,0.059770026,0.738018375,0.305213217,0.604784584,0.373069128,0.112999173,0.19767661,0.045737666,0.228923212,0.591280544,0.436462726
cir,0.051215188,0.337395957,0.693575136,0.423021289,0.420229528,0.480979884,0.41721912,0.99713138,0.813960372,0.324585635,0.591890647,0.570377993,0.733279505,0.10636988,#DIV/0!,0.502142789,0.235182928,0.41285297,0.25,0.480882706,0.554516555,0.672688364,0.557956624,0.559777233,0.518100531,0.626399323,0.555061179,0.603352451,0.276021127,0.442398592,0.263581321,0.57200465,0.261739255,0.161909302,0.476781368,0.308718396,0.484426019,0.335089968,0.312382319,0.490046359,0.477281338,0.482134273,0.015828256,0.73946655,0.420609052,0.147082113,0.410961433,0,0.28501687,0.357974714,0.405190725,0.530119617,0.606954163
cir,0.050024137,0.356123662,0.666776644,0.413187037,0.392828166,0.472714599,0.407046363,0.993814798,0.81648298,0.342866428,0.602705115,0.578171897,0.725897122,0.09493694,#DIV/0!,0.44543036,0.487382811,0.439143135,0.3125,0.441448051,0.525779239,0.653249267,0.803653786,0.621720404,0.768178272,0.774807266,0.786429366,0.808685462,0.14022076,0.694043206,0.128696024,0.777959147,0.124905167,0.584321554,0.748436978,0.601656495,0.590673955,0.413283958,0.569981171,0.498071604,0.682201043,0.544023394,0.079453519,0.803718938,0.282730861,0.235714576,0.75770039,0.651952633,0.52597894,0.283564554,0.540071797,0.230602066,0.466706003
cir,0.078052181,0.262187872,0.772827656,0.41493456,0.521683841,0.472714599,0.410508039,0.983100084,0.754433823,0.250893728,0.513275824,0.439417034,0.832127022,0.128348217,#DIV/0!,0.627544028,0.55029575,0.310613437,0.515625,0.602166461,0.663166294,0.757589815,0.637328009,0.393910635,0.510566651,0.629350271,0.542825362,0.583005819,0.344207613,0.580799644,0.272654275,0.433815883,0.3773403,0.659287289,0.664344008,0.344725371,0.378655024,0.377059298,0.83923608,0.553274378,0.551018624,0.435467073,0.230933795,0.761831655,0.18888139,0.489631644,0.301153025,0.923647827,0.409306509,0.390219043,0.416846622,0.717365287,0.792309674
cir,0.059507428,0.334720571,0.697065033,0.409384128,0.445527293,0.466938857,0.403628229,0.99229148,0.8072424,0.32320442,0.587453699,0.554561788,0.747222497,0.108762731,#DIV/0!,0.577537803,0.493287916,0.394352483,0.359375,0.508588404,0.577092778,0.680488619,0.656824801,0.577568214,0.635944917,0.715289158,0.668520578,0.684192907,0.216168952,0.588644041,0.227036401,0.664093923,0.192859391,0.266700435,0.690115974,0.374949143,0.455956268,0.515501116,0.821751995,0.624099108,0.669901781,0.572183945,0.191765635,0.767884975,0.426751034,0.46433758,0.549172945,0.901236169,0.774183871,0.130074582,0.272753193,0.858241111,0.993629236
cir,0.047583385,0.400713436,0.615634175,0.409505635,0.399357326,0.469727146,0.402550537,0.991776518,0.838676853,0.38999025,0.658575621,0.632402351,0.672083895,0.081104524,#DIV/0!,0.41264613,0.508623913,0.458617332,0.296875,0.46890015,0.516152321,0.60624358,0.787859855,0.50964177,0.55882627,0.639712926,0.618464961,0.624364161,0.220401064,0.66625875,0.173239445,0.541672729,0.206481169,0.141111972,0.526941249,0.311304853,0.665040173,0.612400893,0.354344123,0.722739491,0.596281076,0.643206217,0.339091903,0.761065502,0.459957961,0.476533339,0.501752642,0.927334497,0.373323099,0.236718999,0.339413369,0.197059767,0.602454099
cir,0.057046374,0.335909631,0.700808461,0.420816748,0.419638726,0.477295359,0.415036522,0.99214885,0.800843958,0.323041924,0.590041479,0.541736867,0.757771942,0.123242014,#DIV/0!,0.588606314,0.423982948,0.41187926,0.375,0.47980491,0.555115319,0.674997697,0.726071052,0.530034763,0.688259468,0.709125345,0.717463849,0.752949999,0.186188118,0.672783908,0.181960801,0.662510752,0.179256109,0.560872415,0.784231375,0.586748038,0.485600029,0.689977686,0.912489913,0.564611009,0.658185422,0.579754847,0.397449826,0.758232122,0.585222,0.595388064,0.637807525,0.674927714,0.746257609,0.207034893,0.584105107,0.740168482,0.141160618
cir,0.056870424,0.352853746,0.685684969,0.415257101,0.414852859,0.471021709,0.409163646,0.992032001,0.813819045,0.340672733,0.604147945,0.571283489,0.732265493,0.125577074,#DIV/0!,0.637339986,0.502274225,0.422590068,0.421875,0.47162634,0.546152211,0.659747261,0.711664286,0.599808996,0.765900074,0.782476776,0.776418242,0.79485483,0.15510907,0.708590971,0.119533066,0.73827536,0.151344246,0.359394553,0.815969074,0.618744551,0.581208497,0.539856621,0.728951852,0.805056683,0.656553292,0.562730332,0.144320922,0.719465222,0.499276853,0.418291047,0.648265292,0.911576759,0.302188798,0.251170614,0.483975868,0.752650174,0.30736525
cir,0.062832445,0.322829964,0.702065889,0.419412587,0.45732394,0.479087831,0.41388263,0.986265397,0.79538025,0.311342216,0.57601105,0.532129314,0.765206739,0.116919154,#DIV/0!,0.538684884,0.492115478,0.380720545,0.453125,0.523487349,0.59101278,0.693447878,0.801933098,0.450155782,0.74647382,0.772430943,0.743047831,0.775865207,0.18863286,0.727613494,0.110311004,0.635730153,0.214531584,0.387372624,0.79916957,0.423626853,0.406978024,0.678773204,0.874562898,0.503136079,0.693043047,0.565654543,0.634494576,0.783673341,0.288746778,0.254302752,0.683448163,0.580816463,0.715856782,0.311336529,0.374386176,0.790298045,0.164717358
cir,0.06480174,0.320451843,0.71829118,0.42277725,0.451219381,0.478888668,0.417278992,0.987604604,0.792860363,0.30841729,0.574519193,0.526334614,0.769881479,0.126755574,#DIV/0!,0.633021281,0.214728457,0.384615385,0.4375,0.516196376,0.585587215,0.693181492,0.524799827,0.765139755,0.827617015,0.825263677,0.819799778,0.844304268,0.174564525,0.58886541,0.231016543,0.897751222,0.147536037,0.369674036,0.928411206,0.418395815,0.506878967,0.719318236,0.39325742,0.278312361,0.659263793,0.553116488,0.081321684,0.738431169,0.31574206,0.555821071,0.740244757,0.640558085,0.484885384,0.256875005,0.540856321,0.5371405,0.196700187
cir,0.084077364,0.241973841,0.79750658,0.409235316,0.557287294,0.465743876,0.405174009,0.981355005,0.738006491,0.231556711,0.489148368,0.396836456,0.858729285,0.131915366,#DIV/0!,0.697811596,0.687948865,0.277507303,0.546875,0.646736497,0.699670859,0.781645513,0.75660991,0.401467529,0.556777004,0.659720734,0.590656285,0.598561986,0.291539673,0.588060467,0.238571441,0.471726967,0.301140651,0.109051904,0.780461032,0.234786399,0.271233078,0.572520534,0.672823456,0.423935486,0.629623153,0.461144047,0.335095964,0.810332197,0.556101169,0.612035196,0.870265753,0.93283829,0.728315078,0.54092384,0.76205593,0.252158903,0.793308886
cir,0.047084858,0.422116528,0.601872146,0.410796481,0.372964088,0.469129655,0.403443171,0.989814169,0.841723855,0.411114722,0.67267776,0.634973636,0.670143861,0.093388435,#DIV/0!,0.465084549,0.501751368,0.485881207,0.28125,0.432762283,0.487236543,0.583386579,0.995539424,0.397503753,0.873393198,0.821777342,0.843159066,0.908450471,0.126657032,1,0.069513822,0.659151401,0.138933911,0.604791133,0.934997375,0.382214473,0.531166306,0.858139866,0.572760692,0.883906658,0.811722188,0.863883993,0.231029741,0.812877039,0.090805144,0.575703142,0.948727946,0.812425982,0.093442744,0.136700699,0.478567262,0.772158869,0.272210232
cir,0.035178861,0.48156956,0.52909711,0.420542333,0.293553551,0.480880303,0.412108248,0.992235142,0.872734605,0.469775756,0.708581355,0.705997667,0.587369743,0.067358868,#DIV/0!,0.333250561,0.142693668,0.561830574,0.21875,0.328379094,0.405739886,0.524576335,0.716494445,0.782939614,0.852904779,0.821698597,0.86429366,0.874697705,0.084182871,0.679451624,0.109223478,0.942863382,0.058081526,0.423663667,0.792678853,0.441702993,0.646256008,0.815363434,0.346274545,0.552806888,0.826702807,0.849983977,0.107250316,0.598642798,0.283118446,0.531202702,0.729509625,0.326446292,0.606621641,0.032242116,0.243291753,0.687047496,0.449897257
cir,0.050098578,0.377526754,0.655784174,0.423340417,0.3611359,0.480282812,0.416800017,0.989358285,0.824916373,0.363665908,0.622039218,0.596571258,0.708832382,0.109657374,#DIV/0!,0.513577038,0.227627444,0.47030185,0.359375,0.405246784,0.492396918,0.62796539,0.574200281,0.591191996,0.541900532,0.625931125,0.575083426,0.635681038,0.274983123,0.492838685,0.227912711,0.642924768,0.265537087,0.007240331,0.659953229,0.283231619,0.592324907,0.632388549,0.6439523,0.740114535,0.576025181,0.60943759,0.01521086,0.664741021,0.63574907,0.338793669,0.429559344,0.346375442,0.418788283,0.261080578,0.456766812,0.680302539,1
cir,0.069683244,0.263376932,0.770712873,0.416239741,0.492083042,0.474307907,0.411792561,0.989592684,0.762815401,0.250731232,0.503315601,0.45589,0.821721579,0.120424867,#DIV/0!,0.595065633,0.41625753,0.328140214,0.375,0.559118019,0.639862882,0.756725604,0.867002865,0.470798987,0.64106646,0.665453165,0.677419355,0.672605921,0.238982834,0.774520959,0.190516369,0.543449599,0.258116539,0.307073476,0.645969551,0.540395234,0.449315772,0.535393819,0.202905048,0.394912151,0.722975139,0.662473963,0.129572115,0.775865648,0.355424241,0.62143465,0.778289681,0.86538076,0.368927349,0,0.65028986,0.528863005,0.247792662
cir,0.056191434,0.340665874,0.686932966,0.418980484,0.41351961,0.477693687,0.413120625,0.99317415,0.80762181,0.327754306,0.591612909,0.559587976,0.742198674,0.108100511,#DIV/0!,0.50622798,0.452567907,0.417721519,0.390625,0.468646551,0.548675691,0.670887161,0.599956039,0.645769692,0.763385509,0.794603449,0.784204672,0.798057372,0.147665134,0.608941256,0.097009616,0.792556596,0.131647109,0.625469281,0.766715983,0.637372857,0.515830796,0.699615439,0.672913118,0.606879894,0.744717438,0.68983336,0.154517518,0.808963583,0.334006641,0.67433882,0.961582946,0.600087786,0.704001775,0.129039637,0.5330582,0.802701169,0.518600373
cir,0.078104064,0.22294887,0.813635626,0.413040273,0.550158839,0.470922127,0.409332375,0.991547917,0.735296707,0.211244719,0.454532856,0.390777842,0.862175071,0.129556476,#DIV/0!,0.646843188,0.574539666,0.271665044,0.46875,0.626321772,0.700277962,0.802143653,0.979766485,0.446551024,0.735413604,0.713386402,0.73192436,0.734675689,0.241969277,0.902492966,0.14951557,0.579365127,0.255477896,0.344615935,0.76790913,0.336501017,0.303041421,0.523477187,0.619564243,0.566403054,0.595698173,0.440033648,0.339920517,0.810935894,0.408760581,0.381281732,0.685306272,0.576320082,0.245155137,0.376613201,0.603109737,0.669620602,0.240386975
cir,0.061088729,0.2960761,0.727623604,0.412531034,0.464522757,0.472913762,0.407492679,0.990921117,0.787585776,0.283555411,0.547086372,0.515429445,0.778304233,0.103411224,#DIV/0!,0.492860953,0.543558652,0.363193768,0.34375,0.529446928,0.605288038,0.719765187,0.651145318,0.556596548,0.801893695,0.793194179,0.779755284,0.833422155,0.205581133,0.666519257,0.135604384,0.764030821,0.217068417,0.576664084,0.766715983,0.468119733,0.44194152,0.589232303,0.751367345,0.427168959,0.736207047,0.575308444,0.181120988,0.796938896,0.555343738,0.516999271,1,0.803663322,0.481196348,0.236731391,0.643034005,0.149481953,0.803477283
cir,0.053922122,0.355529132,0.669012208,0.409074216,0.423314563,0.468133838,0.402942425,0.990954104,0.815226004,0.3440039,0.605484418,0.575180708,0.728638401,0.097439959,#DIV/0!,0.477983824,0.612086904,0.417721519,0.265625,0.486144887,0.553342378,0.658643284,0.778245915,0.5821786,0.854333073,0.820266262,0.82647386,0.87199972,0.149385742,0.813383553,0.083749298,0.800305772,0.152802886,0.381294321,0.80747387,0.584248765,0.623436182,0.687888715,0.810813234,0.720869531,0.732185014,0.604310207,0.265972872,0.763714822,0.469708376,0.735654803,0.844771308,0.880439662,0.460314351,0.241966346,0.670668689,0.420654492,0.233130666
cir,0.095753272,0.156361474,0.886027954,0.411150081,0.624005554,0.467934674,0.408657457,0.98377252,0.691109265,0.145108872,0.360593444,0.287930483,0.913887334,0.141370048,#DIV/0!,0.740191458,0.495329061,0.191820837,0.53125,0.715144846,0.782873979,0.874432161,0.858608237,0.47610825,0.588062061,0.567000088,0.579532814,0.605880704,0.381481682,0.69354057,0.360911192,0.539511405,0.336395055,0.89857577,0.495967165,0.086108689,0.14410977,0.394673123,0.758988613,0,0.451604442,0.350504727,0.379239228,0.746818585,0.673195216,0.827657205,0.799549696,0.794818667,0.703479945,0.171860035,0.670276203,0.379001837,0.250210087
cir,0.057973499,0.343638526,0.685467837,0.411363061,0.442797711,0.469527982,0.405446154,0.991154107,0.80644849,0.332304192,0.60247772,0.564689397,0.736446442,0.10520444,#DIV/0!,0.49885068,0.457859046,0.402142162,0.296875,0.513153187,0.57077824,0.667960201,0.67545345,0.629787065,0.71190541,0.724105899,0.728587319,0.747916867,0.204340507,0.687104325,0.223231192,0.71432558,0.156837311,0.300637626,0.668782513,0.363615228,0.532120189,0.738783649,0.936698646,0.643928474,0.721109848,0.682462746,0.153451764,0.868341468,0.64474586,0.45614147,0.834890828,0.790596353,0.684579231,0.197255666,0.580617336,0.948209046,0.238078865
cir,0.060982707,0.35196195,0.680442022,0.416176939,0.453257141,0.473511253,0.410105265,0.992584315,0.801325609,0.341891453,0.603179466,0.542438864,0.757251547,0.113229606,#DIV/0!,0.542320068,0.527089063,0.396299903,0.421875,0.522699381,0.579726575,0.666956218,0.797732362,0.50831802,0.632603425,0.671534504,0.670745273,0.68714391,0.220189558,0.664861024,0.150751038,0.631091726,0.203436654,0.115666528,0.566219634,0.26320837,0.536082474,0.497649907,0.530798888,0.70781877,0.601789514,0.540257971,0.36127952,0.756107222,0.500233321,0.366341073,0.487976649,0.579133881,0.394890306,0.172075402,0.265899377,0.499642916,0.153326523
cir,0.070389302,0.312128419,0.720081459,0.411146668,0.493086872,0.468930492,0.405805384,0.985434963,0.786086078,0.302079948,0.560101592,0.511909353,0.781045118,0.123390274,#DIV/0!,0.621026862,0.365044336,0.35150925,0.46875,0.568573641,0.625164463,0.71009076,0.548863107,0.722308127,0.844588214,0.822003939,0.812013348,0.841481089,0.183004304,0.556191548,0.166331459,0.881233351,0.144591409,0.681902151,0.700042953,0.542313281,0.465238287,0.698855814,0.635165426,0.537769294,0.735653289,0.714589008,0.207714771,0.831790038,0.581067457,0.664221116,0.711066528,0.917112764,0.495186763,0.2886893,0.53388213,0.698778603,0.152082828
cir,0.087264779,0.229191439,0.811738722,0.408877278,0.543305769,0.465046803,0.405048823,0.976776026,0.729301112,0.217338317,0.46719211,0.375506404,0.870883815,0.135848562,#DIV/0!,0.736643695,0.59752765,0.280428432,0.59375,0.621630189,0.691483309,0.792944021,0.732749481,0.36721505,0.753151267,0.805530833,0.727474972,0.781267566,0.248681607,0.73642118,0.103719423,0.577527631,0.30812041,0.565699303,0.731780652,0.401336821,0.300803463,0.375112757,0.734690218,0.378004597,0.548570429,0.415678577,0.107435428,0.824191283,0.428039884,0.517742165,0.826135551,0.706254897,0.587214936,0.53224137,0.798651138,0.279475105,0.463924304
cir,0.091022905,0.187574316,0.855428179,0.422570073,0.592637199,0.478789086,0.419505133,0.97878554,0.710279455,0.176226844,0.414360101,0.333214141,0.892652481,0.14258042,#DIV/0!,0.730407184,0.239870349,0.227848101,0.53125,0.685980953,0.746729674,0.838546413,0.555136244,0.659032945,0.660314605,0.700169189,0.668520578,0.644619995,0.28347448,0.533141102,0.250736922,0.680215456,0.256364826,0.322060664,0.668734787,0.460592851,0.316946106,0.450790486,0.550703846,0.604152869,0.593133397,0.424371094,0.3230649,0.823762216,0.247710847,0.066769611,0.623943246,0.751343899,0.534050236,0.27318403,0.655594779,0.695451477,0.177439918
cir,0.095187072,0.216409037,0.827509368,0.424150694,0.599434465,0.479685322,0.42055561,0.975967601,0.721080855,0.206857329,0.453986371,0.358415066,0.879800547,0.141809014,#DIV/0!,0.729751142,0.242107484,0.238558909,0.53125,0.695998116,0.742133038,0.81068097,0.930798913,0.387022066,0.704668027,0.709929881,0.695216908,0.729054779,0.297740173,0.87239818,0.25773623,0.537992276,0.297177908,0.48292712,0.720660526,0.375385062,0.354220934,0.368086218,0.540661705,0.550781098,0.505435575,0.378665278,0.099068138,0.70801636,0.417310296,0.760327816,0.720273737,0.756159024,0.363486546,0.3209126,0.918614869,0.636269149,0.092907474
cir,0.089973968,0.166765755,0.867065294,0.419290738,0.599607945,0.47958574,0.416620402,0.98503153,0.696927203,0.154777381,0.367049419,0.301524936,0.907777583,0.122169612,#DIV/0!,0.585189214,0.321593636,0.212268744,0.4375,0.678372981,0.759110237,0.863081976,0.555449565,0.502729918,0.595137574,0.681955877,0.604004449,0.613959201,0.321193802,0.45270341,0.287528073,0.587649586,0.325087318,0.494100471,0.639765189,0.237140366,0.169681183,0.370317619,0.935264055,0.308816082,0.488327359,0.358556321,0.564501805,0.753671934,0.875720078,0.483313442,0.681706038,0.613723285,0.916279059,0.507094313,0.557878688,0.573427757,0.154782436
cir,0.115227405,0.135552913,0.909788471,0.415855423,0.721059781,0.471718781,0.413741114,0.970754239,0.663231866,0.128209295,0.336791682,0.223799103,0.939997465,0.157368222,#DIV/0!,0.794740021,0.497006353,0.121713729,0.625,0.849552352,0.868713995,0.9007755,0.546346996,0.557167268,0.18780076,0.262250561,0.205784205,0.210539522,0.754447489,0.335121364,0.620956477,0.312252079,0.666639005,0.063315655,0.406910705,0.086137751,0.18406281,0.204386839,0.373173137,0.232498344,0.386610708,0.316335523,0.009620682,0.713149811,0.465449384,0.770410503,0.364868884,0.903135295,0.477835574,0.285590915,0.651822448,0.342047285,0.154105334
cir,0.087091084,0.174494649,0.861860225,0.409912822,0.622286524,0.46883091,0.407095349,0.991280317,0.711230764,0.164039649,0.391649106,0.337544745,0.890240884,0.135064601,#DIV/0!,0.572571636,0.385177492,0.202531646,0.375,0.716222642,0.775025006,0.855609132,0.604343811,0.814729368,0.587066653,0.54028254,0.592880979,0.607164909,0.408497833,0.497858802,0.413924797,0.823383494,0.28305607,0.25555688,0.328210757,0.177244987,0.313093884,0.23989935,0.285304402,0.263508512,0.450584361,0.368450569,0.102230159,0.728961128,0.406680151,0.446598486,0.496592212,0.904348004,0.448316759,0.398068312,0.622792707,0.696687343,0.112256758
cir,0.086545185,0.168252081,0.869053465,0.412188356,0.602935608,0.470922127,0.409484776,0.988496382,0.70470228,0.156483588,0.380286494,0.319685794,0.899289408,0.13008358,#DIV/0!,0.624260025,0.50262556,0.211295034,0.4375,0.691877131,0.761582013,0.859900386,0.51841969,0.631651503,0.351022065,0.423110389,0.400444939,0.401434843,0.443232659,0.357921417,0.399917322,0.523634297,0.362275814,0,0.424282919,0.132258065,0.252558976,0.322271281,0.528019367,0.232342514,0.493282038,0.383512258,0.345018276,0.699695755,0.311900463,0.418943269,0.28927885,0.634407947,0.485696514,0.234606436,0.415032305,0.592007755,0.187826111
cir,0.071447262,0.303507729,0.733098738,0.419563788,0.474813887,0.476399124,0.414377932,0.980823735,0.778444941,0.291923952,0.553411495,0.487432712,0.800398428,0.123167068,#DIV/0!,0.647719829,0.315450833,0.360272639,0.484375,0.541809882,0.611329045,0.714179213,0.342677199,0.665377836,0.441692617,0.573693253,0.477196885,0.540530958,0.359275727,0.261567021,0.377124292,0.636247253,0.280637733,0.76002622,0.463418126,0.746004069,0.599552409,0.444523572,0.593651932,0.483774202,0.421701495,0.406865887,0.215667756,0.378063301,0.512328172,0.322364394,0.265030987,0.593453073,0.687691622,0.473079201,0.635122629,0.467875829,0.154574316
cir,0.053683009,0.381391201,0.652639409,0.407613737,0.381923183,0.464050986,0.400999314,0.990812166,0.822294269,0.368947026,0.629505105,0.591768546,0.71320337,0.107813091,#DIV/0!,0.567439313,0.522926503,0.457643622,0.359375,0.432255084,0.509704354,0.628483544,0.636706519,0.569536064,0.524301884,0.614529695,0.591768632,0.610757219,0.23664114,0.544516563,0.163226013,0.586832038,0.220274315,0.668821882,0.620054407,0.987910491,0.77194849,0.522670085,0.434770914,0.790369707,0.506280785,0.422127864,0.483960396,0.789040335,0.130433741,0.335687614,0.181708226,0.735016571,0.32679467,0.246114544,0.423810158,0.681276825,0.980688585
cir,0.072958634,0.270214031,0.760656205,0.418838157,0.504793188,0.477793268,0.414269075,0.985669296,0.765701581,0.258449789,0.521284624,0.46168955,0.817932133,0.114391039,#DIV/0!,0.594023161,0.253836844,0.325219085,0.4375,0.580293541,0.646644422,0.748266153,0.184076713,0.695754206,0.311314205,0.432331061,0.327030033,0.4168592,0.49738768,0.183302403,0.611558075,0.524320022,0.355654821,0.652344914,0.474824607,0.578610869,0.468210001,0.392726582,0.868645208,0.666290078,0.355600245,0.36480532,0.417080829,0.646370742,0.476008946,0.69400917,0.355783648,0.664317386,0.244826407,0.504085655,0.669636024,0.484799322,0.295008009
cir,0.054941733,0.36058264,0.666285465,0.405517393,0.426744131,0.463851822,0.399290247,0.992497925,0.818041731,0.349447514,0.612044531,0.582393466,0.721909776,0.098645634,#DIV/0!,0.51470672,0.542384806,0.418695229,0.34375,0.48798348,0.553675951,0.653709847,0.637385456,0.620229848,0.564904087,0.645682092,0.640711902,0.638949272,0.193120282,0.560222034,0.175082833,0.61551043,0.164530714,0.616917943,0.655657901,0.807585004,0.674945885,0.467929545,0.463462745,0.770072851,0.536271167,0.485739465,0.485590216,0.708697761,0.329026135,0.528812691,0.350731575,0.602909346,0.284259047,0.411948285,0.407137545,0.02106831,0.165026816
cir,0.065216803,0.268133175,0.760717344,0.428403454,0.479543949,0.488050189,0.423875772,0.993399658,0.773217243,0.254956126,0.51519056,0.480349614,0.80475061,0.120298175,#DIV/0!,0.534549136,0.315892196,0.339824732,0.4375,0.547706061,0.626870213,0.748027947,0.624202849,0.487708293,0.482086896,0.570739164,0.529477197,0.544635403,0.306888632,0.477777121,0.308396692,0.486263557,0.286027241,0.727578809,0.467427099,0.806655042,0.588289247,0.39514789,0.430646463,0.600724609,0.497304072,0.404622657,0.853895689,0.288941017,0.362203701,0.102928018,0.201877575,0.559725678,0.325370106,0.281239737,0.401196564,0.564780483,0.043958964
cir,0.085394739,0.260107015,0.77757404,0.418953521,0.555189762,0.476000797,0.414562991,0.980427737,0.742260142,0.250487488,0.508720749,0.409303811,0.851057267,0.141608687,#DIV/0!,0.617098142,0.592879733,0.288218111,0.609375,0.643820108,0.691518334,0.763699838,1,0,0.39142596,0.502614867,0.406006674,0.474600803,0.555398936,0.778823728,0.212944322,0.095676902,0.706151876,0.683898457,0.467188469,0.77401918,0.602817625,0.36215164,0.66260199,0.584479333,0.459910816,0.404462426,0.378245141,0.705687139,0.252757559,0.676279225,0.334449442,0.355284663,0.163741002,0.353256281,0.586578145,0.89578524,0.057641498